position_title,company_name,company_category,recruit_provider,annual_salary,career,education,working_condition,location,deadline_date,registration_date
간병/돌봄 플랫폼 고객상담·서비스 운영 매니저 채용,주식회사 돌봄의신,[],정보제공처 고용24,"연봉 3,000 만원 이상",경력3년,학력무관,주5일 주 40시간 근로 09:00 ~ 18:00,서울특별시 강남구 테헤란로38길,2026-08-28,2026-08-07
간호간병통합병동 간호조무사(3교대) 모집,우리들병원,[],정보제공처 고용24,"연봉 2,700 만원 ~ 3,200 만원",경력무관,학력무관,주5일 주 40시간 근로,서울특별시 강남구 학동로,2026-09-05,2026-08-07
실내건축 인테리어 시공 및 공무 경력직 채용,건축사사무소따뜻한동행(주),[],정보제공처 사람인,"연봉 4,800 만원 ~ 4,800 만원",경력5년,고졸,주5일,서울 강남구,2026-09-06,2026-08-07
[유웰비뇨의학과 강남점] 원무팀 채용,유웰비뇨의학과의원,[],정보제공처 사람인,"연봉 3,300 만원 ~ 3,300 만원",경력무관,학력무관,,서울 강남구,2026-09-06,2026-08-07
[프티스]마케팅 운영지원 모집,(주)프티스,[],정보제공처 사람인,"연봉 3,000 만원 ~ 3,000 만원",경력무관,고졸,,서울 강남구,2026-09-06,2026-08-07
"반도체 기계장비외,약품, 구매, 납품, 품질 엔지니어 모집",(주)지엔지니어링,[],정보제공처 사람인,"연봉 3,200 만원 ~ 3,200 만원",신입,대졸(2~3년),주5일,서울 강남구,2026-09-06,2026-08-07
[흑백요리사2 김호윤쉐프] 고슬솥 하남 홀&주방 정직원/파트타이머 ...,㈜코어소사이어티,[],정보제공처 잡코리아,"연봉 3,480 만원 ~ 4,800 만원",신입/경력,학력무관,기타,경기 하남시 등,2026-09-06,2026-08-07
레지던스 프론트 데스크 신입/경력 모집,(주)에이치서비스,[],정보제공처 사람인,"연봉 3,600 만원 ~ 3,600 만원",경력무관,대졸(2~3년),주5일,서울 강남구,2026-09-06,2026-08-07
주거 리테일 복합개발 상품설계 및 사업담당,피플투피플,[],정보제공처 인크루트,"연봉 7,000 만원 ~ 8,000 만원",경력12년,대졸(4년),주5일,서울 강남구,2026-09-06,2026-08-07
식품류 (유제품) 수입사무,씨티인터내셔날,[],정보제공처 인크루트,"연봉 3,000 만원 ~ 4,800 만원",경력1년,대졸(4년),주5일,서울 강남구,2026-09-06,2026-08-07
1군건설 홍보담당,피플투피플,[],정보제공처 인크루트,"연봉 4,700 만원 ~ 5,100 만원",경력2년,대졸(4년),주5일,서울 강남구,2026-09-06,2026-08-07
1군건설 본사 공동주택 CS담당,피플투피플,[],정보제공처 인크루트,"연봉 6,000 만원 ~ 9,000 만원",경력8년,대졸(4년),주5일,서울 강남구,2026-09-06,2026-08-07
전기 설계 및 프로젝트 관리,㈜거동기업,[],정보제공처 잡코리아,"연봉 3,400 만원 ~ 3,600 만원",신입/경력,대졸(4년),주5일,경기 성남시 분당구 등,2026-09-06,2026-08-07
언론홍보 & 기업PR 정규직 채용(신입·경력),엑세스커뮤니케이션앤컨설팅(주),[],정보제공처 사람인,"연봉 3,600 만원 ~ 3,600 만원",경력무관,대졸(4년),주5일,서울 강남구,2026-08-18,2026-08-07
㈜삼우세라믹스 마루 바닥재 영업 경력직 모집합니다,㈜삼우세라믹스,[],정보제공처 잡코리아,"연봉 4,800 만원 ~ 4,800 만원",경력,고졸,주5일,서울 강남구 등,2026-09-06,2026-08-07
카드하비코리아 콘텐츠 마케터 신입 채용,카드하비코리아(주),[],정보제공처 사람인,"연봉 3,000 만원 ~ 3,000 만원",경력무관,학력무관,,서울 강남구,2026-09-06,2026-08-07
"[호펙스원] 린넨스토리, 호텔 B2B영업 담당 채용(스마트 린넨 구...",㈜호펙스원,[],정보제공처 잡코리아,"연봉 3,000 만원 ~ 4,500 만원",경력무관,학력무관,주5일,서울 강남구,2026-09-06,2026-08-07
오션그룹 오션키즈 서울지점 원장님 모집합니다.,오션서퍼광교점,[],정보제공처 사람인,"연봉 6,000 만원 ~ 6,000 만원",경력1년,학력무관,,서울 강남구 등,2026-09-06,2026-08-07
해외무역업무,(주)씨켐인터내셔날,[],정보제공처 고용24,"연봉 3,400 만원 이상",경력무관,학력무관,주5일 주 40시간 근로,서울특별시 강남구 광평로,2026-08-31,2026-08-06
[재단법인 기빙플러스] 대외협력본부 CSV협력실 채용공고,재단법인 기빙플러스,[],정보제공처 고용24,"연봉 3,300 만원 이상",경력무관,학력무관,주5일 주 40시간 근로 09:00 ~ 18:00,서울특별시 강남구 광평로51길,2026-08-19,2026-08-06
세무기장 및 결산 조정 직원 채용,세무법인맥,[],정보제공처 고용24,"연봉 4,000 만원 ~ 5,000 만원",경력5년,고졸 ~ 대졸(4년),주5일 주 40시간 근로 09:30 ~ 18:00,서울특별시 강남구 논현로,2026-08-27,2026-08-06
[동아기술개발(주)] 건설공무·총무 담당 채용 (신입~주니어),동아기술개발(주),[],정보제공처 사람인,"연봉 3,500 만원 ~ 3,500 만원",신입/경력1년,고졸,주5일,서울 강남구,2026-09-05,2026-08-06
신용산 아치서울에서 함께 할 주방 직원 및 홀 직원 구합니다.,아치서울,[],정보제공처 잡코리아,"연봉 3,000 만원 ~ 5,000 만원",신입/경력,학력무관,기타,서울 용산구 등,2026-09-06,2026-08-06
[모아씨앤씨] 강남역 콘텐츠디렉터 레이어팀 팀원 채용,모아씨앤씨㈜ (MOA C&C Inc.),[],정보제공처 잡코리아,"연봉 3,400 만원 ~ 3,400 만원",경력2년,학력무관,주5일,서울 강남구 등,2026-08-15,2026-08-06
"(섬유제조/무역회사) 경리 ,회계 직원 채용합니다.",삼창화섬(주),[],정보제공처 인크루트,"연봉 2,800 만원 ~ 3,000 만원",경력1년,학력무관,주5일,서울 강남구,2026-09-05,2026-08-06
[코엑스몰] [인크커피] 바리스타 구인,㈜위너스메이트,[],정보제공처 잡코리아,"연봉 3,000 만원 ~ 3,000 만원",경력무관,학력무관,기타,서울 강남구,2026-09-05,2026-08-06
"반도체 기계장비외,약품, 구매, 납품, 발주,품질 엔지니어 모집",(주)지엔지니어링,[],정보제공처 사람인,"연봉 3,200 만원 ~ 3,200 만원",신입,대졸(2~3년),주5일,서울 강남구,2026-09-05,2026-08-06
[초봉 3400만]우수교육기업 에듀플렉스 위례창곡점,에듀플렉스,[],정보제공처 사람인,"연봉 3,400 만원 ~ 3,400 만원",경력무관,대졸(4년),,서울 강남구 등,2026-08-17,2026-08-06
신사업부 (SNS 마케팅 및 자사브랜드 관리 마케터) 채용,㈜엔피케이솔루션즈,[],정보제공처 잡코리아,"연봉 3,000 만원 ~ 4,200 만원",경력1년,대졸(2~3년),주5일,서울 서초구 등,2026-09-05,2026-08-06
[우수교육기업] 에듀플렉스 위례창곡점 학습매니저 채용,넥스큐브코퍼레이션㈜,['가족'],정보제공처 잡코리아,"연봉 3,400 만원 ~ 3,400 만원",신입/경력,대졸(4년),주5일,경기 성남시 수정구 등,2026-08-17,2026-08-06
강남역 나를위한 산부인과에서 코디네이터 선생님을 모십니다.,나를위한산부인과의원,[],정보제공처 사람인,"연봉 3,000 만원 ~ 3,000 만원",경력무관,고졸,,서울 강남구,2026-09-05,2026-08-06
강남역 나를위한 산부인과 수술보조 간호조무사님 모십니다.,나를위한산부인과의원,[],정보제공처 사람인,"연봉 3,200 만원 ~ 3,200 만원",경력무관,학력무관,,서울 강남구,2026-09-05,2026-08-06
"[주4, 연봉3500, 연차1일/1달] 강남구 한의원 간호조무사 선...",압구정경희한의원,[],정보제공처 사람인,"연봉 3,500 만원 ~ 3,500 만원",경력무관,학력무관,,서울 등,2026-09-05,2026-08-06
건설공무·총무 담당 채용,동아기술개발㈜,[],정보제공처 잡코리아,"연봉 3,500 만원 ~ 3,500 만원",신입/경력,고졸,주5일,서울 강남구,2026-09-05,2026-08-06
[톤즈의원 건대점] 피부관리사 채용. 경력직 우대,톤즈의원건대점,[],정보제공처 사람인,"연봉 3,200 만원 ~ 3,200 만원",경력무관,고졸,주5일,서울 등,2026-08-31,2026-08-06
"중급,초급 React, Vue 개발 경력자",(주)체스트넛,[],정보제공처 인크루트,"연봉 3,000 만원 ~ 6,500 만원",경력3년,대졸(2~3년),주5일,서울 등,2026-09-05,2026-08-06
[삼성역] 그랜드 인터컨티넨탈호텔 기계(주간)사원 채용,자이에스앤디(주),"['대기업', '코스피']",정보제공처 사람인,"연봉 3,120 만원 ~ 3,120 만원",경력무관,고졸,,서울 강남구,2026-09-05,2026-08-06
세무사 사무실 경력직원 모집,세무법인서일 강남지점,[],정보제공처 잡코리아,"연봉 3,500 만원 ~ 3,500 만원",경력3년,학력무관,주5일,서울 강남구,2026-09-05,2026-08-06
[월 250이상 / 주 5일] 리셉션 매니저 모집,(주)아카이브코퍼레이션,[],정보제공처 사람인,"연봉 3,000 만원 ~ 3,000 만원",경력무관,학력무관,,서울 등,2026-09-05,2026-08-06
[정규직] 화장품기획 및 마케팅에 관심이 있는 영어가능자,(주)벨라네즈,[],정보제공처 사람인,"연봉 3,000 만원 ~ 3,000 만원",경력무관,대졸(4년),주5일,서울 강남구,2026-09-05,2026-08-06
"광고모델 캐스팅, 국내모델 외국인모델 캐스팅,광고촬영장",㈜오션스타모델에이전시,[],정보제공처 잡코리아,"연봉 3,200 만원 ~ 3,200 만원",신입/경력,학력무관,주5일,서울 강남구,2026-09-05,2026-08-06
(주)국내·외국인 모델 캐스팅디렉터 지원바랍니다.,(주)오션스타모델에이전시,[],정보제공처 사람인,"연봉 3,200 만원 ~ 3,200 만원",경력무관,대졸(4년),,서울 강남구,2026-09-05,2026-08-06
[트리드] trid 청담 미슐랭 파인다이닝 매니저 / 서버 채용,트리드(trid),[],정보제공처 잡코리아,"연봉 3,000 만원 ~ 5,000 만원",경력무관,학력무관,주5일,서울 강남구,2026-09-05,2026-08-06
[주식회사 루틴] 채용담당자(HR) 및 거래처 관리 직원 모집,주식회사 루틴,[],정보제공처 인크루트,"연봉 3,000 만원 ~ 3,200 만원",신입/경력,고졸,,서울 강남구,2026-08-31,2026-08-06
수술실 간호사 채용,아이리움안과의원,[],정보제공처 사람인,"연봉 4,000 만원 ~ 4,000 만원",경력무관,대졸(2~3년),주5일,서울 강남구,2026-09-05,2026-08-06
2026년 골프투어로 여행사 신입 여행사OP 채용,(주) 골프투어로,[],정보제공처 고용24,"연봉 3,400 만원 ~ 3,500 만원",신입,학력무관,주5일 주 40시간 근로 09:00 ~ 18:00,서울특별시 강남구 언주로,2026-08-18,2026-08-05
(주)골프프렌드 [강남 도곡점] 골프용품 판매 및 고객응대 사원 집...,주식회사골프프렌드,[],정보제공처 고용24,"연봉 3,620 만원 ~ 3,620 만원",경력무관,학력무관,주6일 주 40시간 근로,서울특별시 강남구 도곡로,2026-08-31,2026-08-05
[우수교육기업] 에듀플렉스 학습매니저 서울/경기/인천 채용,넥스큐브코퍼레이션㈜,['가족'],정보제공처 잡코리아,"연봉 3,400 만원 ~ 3,400 만원",신입/경력,대졸(4년),주5일,서울 노원구 등,2026-08-25,2026-08-05
어반가든레스토랑에서 주방/홀 직원 모집합니다.,㈜어반가든,[],정보제공처 잡코리아,"연봉 3,000 만원 ~ 3,000 만원",신입/경력,고졸,기타,서울 중구 등,2026-09-04,2026-08-05
이삭토스트 직영점 매니저를 모집합니다,㈜이삭,[],정보제공처 잡코리아,"연봉 4,000 만원 ~ 4,000 만원",신입/경력,학력무관,기타,서울 강남구 등,2026-08-12,2026-08-05
"[330/한우 한정식/월7-9회 휴무] 홀서버,티카 채용",백마김씨네,[],정보제공처 잡코리아,"연봉 3,840 만원 ~ 3,840 만원",신입/경력,학력무관,기타,서울 강남구 등,2026-09-04,2026-08-05
투자GO 유튜브 편집자 모집,(주)제이스톡,[],정보제공처 사람인,"연봉 4,500 만원 ~ 4,500 만원",경력2년,학력무관,,서울 강남구,2026-08-26,2026-08-05
(주)삼익산업 인테리어자재 영업팀,(주)삼익산업,[],정보제공처 사람인,"연봉 3,500 만원 ~ 3,500 만원",경력무관,학력무관,주5일,서울,2026-09-04,2026-08-05
리미떼두두 CS경력 채용,㈜두두에프앤엘,[],정보제공처 잡코리아,"연봉 3,200 만원 ~ 3,200 만원",경력1년,학력무관,주5일,서울 강남구,2026-08-31,2026-08-05
[르뱅룰즈 베이커리] 파티쉐 제빵사 신입 경력직 정규 사원 채용 공...,르뱅룰즈,[],정보제공처 잡코리아,"연봉 2,717 만원 ~ 3,641 만원",경력무관,학력무관,기타,서울 강남구,2026-09-04,2026-08-05
[삼성역/연봉 4000만 - ] 오운클리닉 코디네이터 충원 [한국/...,오운의원삼성점,[],정보제공처 잡코리아,"연봉 4,000 만원 ~ 5,000 만원",경력무관,고졸,기타,서울 강남구,2026-09-04,2026-08-05
[선릉역]세무법인 프라이어 리셉션(안내데스크) 담당자 채용,주식회사 디앤에이치피플,[],정보제공처 잡코리아,"연봉 3,000 만원 ~ 3,000 만원",경력무관,학력무관,주5일,서울 강남구,2026-09-04,2026-08-05
[용산 해방촌 다이닝바/주5일] 양식 캐주얼다이닝 요리사(올그라운더...,라비스타,[],정보제공처 잡코리아,"연봉 3,360 만원 ~ 4,200 만원",경력무관,학력무관,기타,서울 용산구 등,2026-08-26,2026-08-05
[조기퇴근 가능] 강남 서초 지역 음료 배송 · 진열 담당자 모집,(주)엠월드,[],정보제공처 사람인,"연봉 3,400 만원 ~ 3,400 만원",경력무관,학력무관,,서울 강남구 등,2026-09-04,2026-08-05
무선통신 개발 및 품질관리 채용 공고- 경력/신입/병특,이노넷㈜,[],정보제공처 잡코리아,"연봉 3,300 만원 ~ 3,300 만원",신입/경력,대졸(2~3년),주5일,서울 송파구 등,2026-08-31,2026-08-05
[주5일] 연남동 우드파이어 & 생면 파스타 다이닝 마데라 chef,마데라(Madera),[],정보제공처 사람인,"연봉 3,500 만원 ~ 3,500 만원",경력1년,고졸,,서울 강남구 등,2026-09-04,2026-08-05
[석촌호수/잠실] 다이닝라운지&브런치카페 MIP 매장 책임자 모집...,밉,[],정보제공처 잡코리아,"연봉 4,800 만원 ~ 4,800 만원",경력2년,학력무관,주5일,서울 송파구 등,2026-08-31,2026-08-05
[더이탈리안클럽 판교점] 레스토랑 주방 직원 채용,(주)코어소사이어티,[],정보제공처 인크루트,"연봉 3,200 만원 ~ 4,500 만원",신입/경력,학력무관,,서울 등,2026-09-04,2026-08-05
[경력] 소프트웨어 영업 (오라클) 정규직 채용,엘앤에스정보기술(주）,[],정보제공처 고용24,"연봉 4,000 만원 ~ 6,000 만원",경력5년,학력무관,주5일 주 40시간 근로 09:00 ~ 18:00,서울특별시 강남구 강남대로112길,2026-08-31,2026-08-04
헤리티지 산후조리원 신생아실 E 간호사 채용,주식회사 헤리티지산후조리원,[],정보제공처 고용24,"연봉 3,200 만원 이상",경력1년,학력무관,주5일 주 40시간 근로,서울특별시 강남구 삼성로,2026-08-18,2026-08-04
헤리티지 산후조리원 신생아실N 간호사 채용,주식회사 헤리티지산후조리원,[],정보제공처 고용24,"연봉 4,000 만원 이상",경력1년,학력무관,주5일 주 40시간 근로,서울특별시 강남구 영동대로141길,2026-08-18,2026-08-04
[헤리티지 산후조리원] 스파드에이치 컨시어지 채용,주식회사 헤리티지산후조리원,[],정보제공처 고용24,"연봉 3,000 만원 이상",경력1년,학력무관,주5일 주 40시간 근로,서울특별시 강남구 영동대로141길,2026-08-18,2026-08-04
국제회의 기획 및 운영,주식회사글로벌에프앤씨,[],정보제공처 고용24,"연봉 4,000 만원 이상",경력5년,학력무관,주5일 주 40시간 근로 09:30 ~ 18:30,서울특별시 강남구 테헤란로81길,2026-08-28,2026-08-04
(주)지아이티아카데미(그린컴퓨터아카데미) 본사 직업상담사 채용,（주）지아이티아카데미,[],정보제공처 고용24,"연봉 3,120 만원 ~ 3,120 만원",경력무관,학력무관,주5일 주 40시간 근로 09:00 ~ 18:00,서울특별시 강남구 테헤란로5길,2026-08-21,2026-08-04
한국파파존스㈜ QCC(안성) 생산팀 정규 사원 모집,한국파파존스㈜,[],정보제공처 잡코리아,"연봉 3,500 만원 ~ 3,500 만원",경력무관,학력무관,,서울 강남구,2026-08-09,2026-08-04
부동산 관련 업무 외근 직원 모집,법무법인(유한)한길 서울동부분사무소,[],정보제공처 사람인,"연봉 3,500 만원 ~ 3,500 만원",경력무관,학력무관,주5일,서울 강남구,2026-09-03,2026-08-04
초등 영어 선생님 채용 ( 100퍼센트 영어 수업 가능자),크레오(CREO)학원,[],정보제공처 잡코리아,"연봉 3,000 만원 ~ 3,300 만원",신입/경력,대졸(4년),주5일,서울 강남구 등,2026-09-03,2026-08-04
Product Developer 주니어 개발자(5~7년차),(주)라이너스,[],정보제공처 사람인,"연봉 4,000 만원 ~ 4,000 만원",경력5년,대졸(4년),,서울 강남구,2026-09-03,2026-08-04
[프티스]병원 아웃바운드 TM 채용 / 기본급지급 / 인센티브 별도,(주)프티스,[],정보제공처 사람인,"연봉 3,000 만원 ~ 3,000 만원",경력무관,고졸,주5일,서울 강남구,2026-09-03,2026-08-04
(주)라이너스 고객성공팀(CS) 팀원을 찾고 있어요(1~4년차),(주)라이너스,[],정보제공처 사람인,"연봉 3,000 만원 ~ 3,000 만원",경력무관,대졸(4년),,서울 강남구,2026-09-03,2026-08-04
대한민국 1등 파자마 오르시떼 - [경력 - 주임급] 웹디자이너 채...,㈜캄미어패럴,[],정보제공처 잡코리아,"연봉 3,300 만원 ~ 3,300 만원",경력2년,대졸(4년),주5일,서울 성동구 등,2026-09-03,2026-08-04
대한민국 1등 파자마 오르시떼 - [신입] 백화점 물류팀 신입사원 ...,㈜캄미어패럴,[],정보제공처 잡코리아,"연봉 3,000 만원 ~ 3,000 만원",신입/경력,고졸,주5일,서울 성동구 등,2026-09-03,2026-08-04
[글로벌 주얼리 브랜드] Junior Retail Manager,온리원파트너스(주),[],정보제공처 인크루트,"연봉 4,000 만원 ~ 5,000 만원",경력4년,대졸(4년),,서울 강남구,2026-09-03,2026-08-04
"[느와르 라르메스] 강남구 신사동(가로수길) 판매사원, 세일즈 정직...",느와르라르메스,[],정보제공처 잡코리아,"연봉 3,000 만원 ~ 4,000 만원",경력무관,학력무관,기타,서울 강남구 등,2026-08-28,2026-08-04
레망도레 경력직 베이커 모집합니다 [파이롤러 경험 우대] / 매장 ...,레망도레,[],정보제공처 잡코리아,"연봉 3,036 만원 ~ 3,036 만원",경력1년,고졸,기타,서울 중구 등,2026-09-03,2026-08-04
AI 헬스케어 사업전략/기획 포지션 채용,아리닷에이아이,[],정보제공처 잡코리아,"연봉 4,000 만원 ~ 7,000 만원",경력무관,대졸(4년),주5일,서울 강남구,2026-09-03,2026-08-04
YAWOOLIN (주)야우린 브랜드마케팅팀 마케터 채용 (신입/경력...,(주)야우린,[],정보제공처 사람인,"연봉 3,500 만원 ~ 3,500 만원",경력무관,대졸(2~3년),주5일,서울 강남구,2026-09-03,2026-08-04
[수행 운전원],에이치설퍼(주),[],정보제공처 사람인,"연봉 4,560 만원 ~ 4,560 만원",경력5년,학력무관,,서울 강남구,2026-08-12,2026-08-04
"[강남/연봉6천]관리소장채용-전기기사,정보통신기사,소방,가스 4개자...",㈜휴먼이솔루션,[],정보제공처 잡코리아,"연봉 6,000 만원 ~ 6,000 만원",경력5년,학력무관,주5일,서울 강남구,2026-09-03,2026-08-04
"건강기능식품 OEM 제품개발자 모집 (대리,과장급)",㈜엔피케이솔루션즈,[],정보제공처 잡코리아,"연봉 3,600 만원 ~ 6,000 만원",경력3년,대졸(2~3년),주5일,서울 서초구 등,2026-09-03,2026-08-04
[강남구] 주4/주5 아크로 한의원 직원 모십니다.,아크로한의원,[],정보제공처 잡코리아,"연봉 3,200 만원 ~ 3,200 만원",경력무관,학력무관,기타,서울 강남구 등,2026-08-10,2026-08-04
삼원그룹 그룹조정실 경력직원 채용,성원제강(주),[],정보제공처 사람인,"연봉 4,000 만원 ~ 4,000 만원",경력5년,대졸(4년),,서울 강남구,2026-09-03,2026-08-04
삼성서울병원 환자이송팀 직원 모집,㈜에스텍플러스,['중견'],정보제공처 잡코리아,"연봉 3,000 만원 ~ 3,300 만원",경력무관,학력무관,기타,서울 강남구,2026-09-03,2026-08-04
외투기업 및 국내기업 기장 및 세무신고 담당자 (경력 5년 이상),대현회계법인,[],정보제공처 잡코리아,"연봉 4,000 만원 ~ 4,000 만원",경력5년,대졸(2~3년),주5일,서울 강남구,2026-09-03,2026-08-04
"설계팀(기구,기계) 경력사원 모집",㈜라인시스템,[],정보제공처 잡코리아,"연봉 3,500 만원 ~ 7,000 만원",경력5년,학력무관,주5일,경기 고양시 덕양구 등,2026-08-10,2026-08-04
"[식품 커머스] 영어권 온라인MD 모집 / 알리바바,쇼피,아마존",투데이헬스케어,[],정보제공처 잡코리아,"연봉 3,400 만원 ~ 4,200 만원",경력2년,대졸(2~3년),주5일,서울 강남구,2026-09-03,2026-08-04
(주)앤서 GEO 컨설턴트 신입 채용 공고,(주)앤서,[],정보제공처 사람인,"연봉 3,000 만원 ~ 3,000 만원",신입,학력무관,,서울 강남구,2026-09-03,2026-08-04
"[강남역] 상반기 의료미용 마케팅 (일본, SNS etc.) - 경...",넥스트인사이트㈜,[],정보제공처 잡코리아,"연봉 3,000 만원 ~ 5,000 만원",경력무관,고졸,주5일,서울 강남구,2026-09-03,2026-08-04
[강남역] 피부과 영어/중국어/일본어 CS업무 담당자 모집,넥스트인사이트㈜,[],정보제공처 잡코리아,"연봉 3,440 만원 ~ 3,440 만원",신입/경력,고졸,주5일,서울 강남구,2026-09-03,2026-08-04
26년 8월 계약직(신입) - 영업지원(보험대차),롯데렌탈(주),"['대기업', '코스피', '가족']",정보제공처 인크루트,"연봉 2,788 만원 ~ 3,065 만원",신입,학력무관,주5일,서울,2026-08-09,2026-08-04
[강남구 세무사] 경력 3년이상 세무회계사무원 초빙합니다,세무회계그룹 홍익,[],정보제공처 인크루트,"연봉 3,500 만원 ~ 5,000 만원",경력3년,학력무관,주5일,서울 강남구,2026-09-03,2026-08-04
영업기획/영업관리/상품관리 신입 경력사원 채용,(주)블레스앤코,[],정보제공처 인크루트,"연봉 3,600 만원 ~ 3,800 만원",신입/경력2년,학력무관,주5일,서울 강남구,2026-09-03,2026-08-04
[(주)그린카]운영지원파트 영업지원 채용(강남구/12개월/육아휴직 ...,(주)그린카,['대기업'],정보제공처 커리어,"연봉 3,200 만원 ~ 3,400 만원",신입,대졸(2~3년),주5일,서울 강남구,2026-08-16,2026-08-04
[우수교육기업] 에듀플렉스 서초점 학습매니저 채용,넥스큐브코퍼레이션㈜,['가족'],정보제공처 잡코리아,"연봉 3,400 만원 ~ 3,400 만원",신입/경력,대졸(4년),주5일,서울 서초구 등,2026-08-17,2026-08-04
[초봉 3400만]우수교육기업 에듀플렉스 서초점,에듀플렉스,[],정보제공처 사람인,"연봉 3,400 만원 ~ 3,400 만원",경력무관,대졸(4년),,서울 강남구 등,2026-08-17,2026-08-04
연애테크회사 마케터/유튜브PD - 연애/심리 관심자 우대,럽디(주),[],정보제공처 사람인,"연봉 4,000 만원 ~ 4,000 만원",신입/경력2년,대졸(2~3년),주5일,서울 강남구 등,2026-09-03,2026-08-04
[연봉 3800만원~협상/평일근무] 대형 로펌회사 수행기사 채용합니...,(주)케이알잡,[],정보제공처 고용24,"연봉 3,800 만원 ~ 4,300 만원",경력5년,학력무관,주5일 주 40시간 근로 09:00 ~ 18:00,서울특별시 강남구 테헤란로,2026-08-17,2026-08-03
물류팀 배송 납품 직원 채용,주식회사부경SㆍM,[],정보제공처 고용24,"연봉 3,700 만원 ~ 4,000 만원",경력3년,학력무관,주5일 주 40시간 근로,서울특별시 강남구 도곡로,2026-09-02,2026-08-03
시설관리(기계/경력직/5교대근무)FN타워대치(구삼성생명대치타워-선릉...,제일엠앤이 (주),[],정보제공처 고용24,"연봉 3,400 만원 ~ 3,500 만원",경력2년,학력무관,주5일 주 40시간 근로,서울특별시 강남구 테헤란로,2026-08-19,2026-08-03
CS 담당자(1년 계약직) 채용(정규직 전환 가능),스마트푸드네트웍스 주식회사,['중견'],정보제공처 고용24,"연봉 2,600 만원 ~ 3,500 만원",경력1년,학력무관,주5일 주 40시간 근로 08:30 ~ 17:30,서울특별시 강남구 남부순환로,2026-08-31,2026-08-03
시설관리(전기/경력직/4교대)삼성제일빌딩,제일엠앤이 (주),[],정보제공처 고용24,"연봉 3,450 만원 ~ 3,500 만원",경력2년,학력무관,주5일 주 40시간 근로,서울특별시 강남구 테헤란로,2026-08-19,2026-08-03
"[강남/연봉6천이상] 관리소장 채용(전기기사, 정보통신기사, 소방1...",주식회사 휴먼이솔루션,[],정보제공처 고용24,"연봉 6,000 만원 ~ 6,000 만원",경력5년,학력무관,주5일 주 40시간 근로 08:30 ~ 18:00,서울특별시 강남구 논현로,2026-08-17,2026-08-03
(주)은성오엔씨 토목 견적 및 공무 업무 담당 신입 채용(서울 근무...,주식회사 은성오엔씨,[],정보제공처 고용24,"연봉 3,200 만원 ~ 3,500 만원",신입,대졸(2~3년) ~ 대졸(4년),주5일 주 40시간 근로 08:30 ~ 17:30,서울특별시 강남구 압구정로28길,2026-08-28,2026-08-03
대형화물차 운전직 모집,한성성업(주),[],정보제공처 고용24,"연봉 5,400 만원 ~ 6,000 만원",경력2년,학력무관,주5일 주 40시간 근로 02:00 ~ 11:00,서울특별시 강남구 영동대로138길,2026-08-27,2026-08-03
[토스페이먼츠] Sales Specialist 하반기 집중채용 (-...,토스페이먼츠,['대기업'],정보제공처 잡코리아,"연봉 3,600 만원 ~ 3,600 만원",신입/경력,학력무관,주5일,서울 강남구,2026-08-11,2026-08-03
주식회사 이사벨라에서 TIPS 전담 행정/운영 담당자를 찾고 있어요,주식회사 이사벨라,[],정보제공처 사람인,"연봉 3,500 만원 ~ 3,500 만원",경력무관,대졸(2~3년),,서울 강남구,2026-09-02,2026-08-03
[써브웨이] 하반기 직영점 정규직 매니저 모집,써브웨이 압구정로데오점,[],정보제공처 잡코리아,"연봉 3,300 만원 ~ 3,300 만원",경력무관,고졸,기타,서울 강남구 등,2026-09-02,2026-08-03
[웨스틴 서울 파르나스호텔 ] 시설관리 방재기사 채용(교대근무),자이에스앤디㈜,"['대기업', '코스피']",정보제공처 잡코리아,"연봉 3,756 만원 ~ 3,756 만원",경력무관,고졸,기타,서울 강남구,2026-09-02,2026-08-03
LG전자공식인증점 (주)LG공식접수센터 가전구독 온라인 세일즈 매니...,공식접수센터㈜,[],정보제공처 잡코리아,"연봉 3,500 만원 ~ 3,500 만원",경력무관,학력무관,주5일,서울 성동구 등,2026-09-02,2026-08-03
하이호금속(주) 영업사원 [신입 및 경력 사원 채용],하이호금속(주),['중견'],정보제공처 사람인,"연봉 4,423 만원 ~ 4,423 만원",경력무관,대졸(4년),주5일,서울 강남구,2026-08-24,2026-08-03
카드하비코리아 콘텐츠 마케터 신입,카드하비코리아(주),[],정보제공처 사람인,"연봉 3,000 만원 ~ 3,000 만원",경력무관,학력무관,,서울 강남구,2026-09-02,2026-08-03
2026년 투어로 신입 여행사OP 채용,(주) 투어로,[],정보제공처 사람인,"연봉 3,500 만원 ~ 3,500 만원",신입,대졸(2~3년),주5일,서울 강남구,2026-09-02,2026-08-03
2026년 골프투어로 신입 여행사OP 채용,(주)골프투어로,[],정보제공처 사람인,"연봉 3,500 만원 ~ 3,500 만원",신입,대졸(2~3년),주5일,서울 강남구,2026-09-02,2026-08-03
[강남역 모발이식센터/주5일] 수술실(경력무관) 간호조무사 모집,강남로미모의원,[],정보제공처 사람인,"연봉 3,300 만원 ~ 3,300 만원",경력무관,학력무관,,서울 강남구,2026-09-02,2026-08-03
[압구정 리노보클리닉] 피부관리사 모집합니다,리노보의원,[],정보제공처 잡코리아,"연봉 3,700 만원 ~ 3,700 만원",경력무관,고졸,기타,서울 강남구 등,2026-09-02,2026-08-03
[종로엠스쿨] 프랜차이즈 가맹 및 사업을 발전시킬 인재를 구합니다.,교육다움,[],정보제공처 잡코리아,"연봉 5,000 만원 ~ 5,000 만원",경력,대졸(2~3년),주5일,서울 서초구 등,2026-08-31,2026-08-03
영업팀 직원(경력) 채용공고,신화팝빌리지,[],정보제공처 사람인,"연봉 4,200 만원 ~ 4,200 만원",경력3년,대졸(2~3년),주5일,서울 강남구,2026-09-02,2026-08-03
[SE정규직] 강남권 삼성그룹 및 대형빌딩 첨단 보안요원 채용,(주)에스텍시스템,['중견'],정보제공처 사람인,"연봉 3,400 만원 ~ 3,400 만원",경력무관,고졸,기타,서울 등,2026-08-14,2026-08-03
압구정로데오 올데이 브런치 다이닝 `마일드 하이 클럽` 키친 파트 ...,마일드하이클럽㈜,[],정보제공처 잡코리아,"연봉 3,420 만원 ~ 3,960 만원",경력,학력무관,주5일,서울 강남구,2026-09-02,2026-08-03
부동산 외근 직원 모집,법무법인(유한)한길 서울동부분사무소,[],정보제공처 잡코리아,"연봉 3,500 만원 ~ 3,500 만원",경력무관,학력무관,주5일,서울 강남구,2026-09-02,2026-08-03
[맘잉 포레스트 in 청담] 영어교육팀 정직원 채용,(주)맘잉,[],정보제공처 사람인,"연봉 3,000 만원 ~ 3,000 만원",경력무관,대졸(2~3년),,서울 강남구,2026-08-13,2026-08-03
수입 식품 검역 대행 및 컨설팅 업무,(주)메가몬드,[],정보제공처 사람인,"연봉 3,000 만원 ~ 3,000 만원",경력무관,대졸(2~3년),주5일,서울 강남구,2026-08-31,2026-08-03
치과 데스크 코디네이터 채용 (치과데스크 경력자 최우선 채용),서울리마치과,[],정보제공처 잡코리아,"연봉 3,200 만원 ~ 4,200 만원",경력1년,고졸,기타,서울 서초구 등,2026-08-31,2026-08-03
[재택근무] Business Development Represent...,풀리어센트코리아,[],정보제공처 사람인,"연봉 3,000 만원 ~ 3,000 만원",경력무관,대졸(2~3년),주5일,서울 강남구,2026-09-02,2026-08-03
[테헤란컴퍼니그룹] 브랜드마케터/퍼포먼스마케터 채용,(주)테헤란컴퍼니그룹,[],정보제공처 인크루트,"연봉 3,500 만원 ~ 5,000 만원",경력2년,대졸(4년),,서울 강남구,2026-09-02,2026-08-03
물류팀 납품 배송 직원모집,"UCT MEDICAL CO.,LTD",[],정보제공처 잡코리아,"연봉 3,000 만원 ~ 3,000 만원",신입/경력,대졸(2~3년),주5일,서울 송파구 등,2026-08-17,2026-08-03
[UH SUITE] 객실관리 총괄매니저,㈜유에이치씨,[],정보제공처 잡코리아,"연봉 3,600 만원 ~ 3,600 만원",경력5년,대졸(2~3년),주5일,서울 중구 등,2026-09-02,2026-08-03
[강남권]베이커리/케이크 파트 생산관리 매니저 채용,주식회사 디앤에이치피플,[],정보제공처 잡코리아,"연봉 3,500 만원 ~ 4,000 만원",경력,학력무관,기타,서울 강남구,2026-09-02,2026-08-03
[신사역1분/복지우수] 로담한의원 글로벌센터 상담실장 모집,로담한의원,[],정보제공처 잡코리아,"연봉 4,500 만원 ~ 4,500 만원",경력,학력무관,주5일,서울 강남구,2026-09-02,2026-08-03
[신사역1분] 로담한의원 글로벌센터 상담실장 모집,로담한의원,[],정보제공처 사람인,"연봉 4,500 만원 ~ 4,500 만원",경력2년,학력무관,기타,서울 강남구,2026-09-02,2026-08-03
[신사역1분/복지우수] 로담한의원 글로벌센터 코디네이터 사원모집,로담한의원,[],정보제공처 잡코리아,"연봉 3,000 만원 ~ 3,000 만원",경력무관,학력무관,주5일,서울 강남구,2026-09-02,2026-08-03
건설안전 신입/경력 채용,아전이엔씨(주),[],정보제공처 인크루트,"연봉 4,800 만원 ~ 5,500 만원",신입/경력1년,학력무관,,서울 강남구 등,2026-08-16,2026-08-03
"사무보조, 홈페이지 관리, 제품사진 촬영 편집 [연봉3500이상]",탑타임,[],정보제공처 사람인,"연봉 3,500 만원 ~ 3,500 만원",경력무관,학력무관,기타,서울 강남구,2026-09-02,2026-08-03
[경기 직영점][초봉3400만/성과급] 에듀플렉스 학습매니저 채용,넥스큐브코퍼레이션(주),['가족'],정보제공처 사람인,"연봉 3,400 만원 ~ 3,400 만원",경력무관,대졸(4년),주5일,서울 등,2026-09-02,2026-08-03
[쿠팡 본사/풀재택 근무] AI 컨텐츠 품질 평가자 대규모 채용,리드커리어㈜,[],정보제공처 잡코리아,"연봉 3,300 만원 ~ 3,300 만원",경력무관,학력무관,주5일,서울 강남구 등,2026-08-12,2026-08-03
[분당 직영점][초봉3400만/성과급] 에듀플렉스 학습매니저,넥스큐브코퍼레이션(주),['가족'],정보제공처 사람인,"연봉 3,400 만원 ~ 3,400 만원",경력무관,대졸(4년),주5일,서울 등,2026-09-02,2026-08-03
[문정 직영점][초봉3400만/성과급] 에듀플렉스 학습매니저 채용,넥스큐브코퍼레이션(주),['가족'],정보제공처 사람인,"연봉 3,400 만원 ~ 3,400 만원",경력무관,대졸(4년),주5일,서울 등,2026-09-02,2026-08-03
[분당수내 직영점][초봉3400만] 에듀플렉스 학습매니저 채용,에듀플렉스,[],정보제공처 사람인,"연봉 3,400 만원 ~ 3,400 만원",경력무관,대졸(4년),주5일,서울 강남구 등,2026-09-02,2026-08-03
[분당서현 직영점][초봉3400만] 에듀플렉스 학습매니저 채용,에듀플렉스,[],정보제공처 사람인,"연봉 3,400 만원 ~ 3,400 만원",경력무관,대졸(4년),주5일,서울 등,2026-09-02,2026-08-03
[분당야탑 직영점][초봉3400만] 에듀플렉스 학습매니저 채용,에듀플렉스,[],정보제공처 사람인,"연봉 3,400 만원 ~ 3,400 만원",경력무관,대졸(4년),주5일,서울 등,2026-09-02,2026-08-03
[대치 직영점][초봉3400만] 에듀플렉스 학습매니저 채용,에듀플렉스,[],정보제공처 사람인,"연봉 3,400 만원 ~ 3,400 만원",경력무관,대졸(4년),주5일,서울 등,2026-09-02,2026-08-03
[루브르 성형외과] 외래 코디네이터 모집합니다.,루브르 성형외과,[],정보제공처 잡코리아,"연봉 3,000 만원 ~ 6,000 만원",경력무관,학력무관,주5일,서울 강남구,2026-09-02,2026-08-03
인테리어 디자인/설계를 DHG에서 함께할 분을 찾습니다.,㈜디자인에이치그룹,[],정보제공처 잡코리아,"연봉 3,500 만원 ~ 5,000 만원",경력2년,학력무관,주5일,서울 강남구,2026-08-28,2026-08-03
그리다청담에서 실력있는 메이크업선생님 구합니다,㈜그리다청담(grida che,[],정보제공처 잡코리아,"연봉 3,000 만원 ~ 8,000 만원",경력2년,고졸,주5일,서울 강남구,2026-09-01,2026-08-02
"마케팅 담당자 채용(숏폼,콘텐츠,SNS운영)",온결,[],정보제공처 잡코리아,"연봉 3,000 만원 ~ 3,500 만원",경력1년,학력무관,주5일,서울 강남구,2026-09-01,2026-08-02
세무법인다현삼성지점 세무 3년이상 세무경력 직원 모십니다.,세무법인다현삼성지점,[],정보제공처 사람인,"연봉 3,500 만원 ~ 3,500 만원",경력3년,대졸(2~3년),,서울 강남구,2026-08-11,2026-08-02
주류 배송 및 납품 기사 모집 [주류/배송/납품/4500이상/체력단...,세왕상사㈜,[],정보제공처 잡코리아,"연봉 4,500 만원 ~ 5,000 만원",신입/경력,학력무관,,서울 강동구 등,2026-08-31,2026-08-01
[SIXONE] 광고 디자인/광고 영업/라이브커머스-PD/인플루언...,㈜식스원,[],정보제공처 잡코리아,"연봉 3,000 만원 ~ 6,000 만원",신입/경력,고졸,주5일,서울 강남구,2026-08-30,2026-08-01
비에비스나무병원 외래 간호사 모집(정규직/풀타임),비에비스나무병원,[],정보제공처 사람인,"연봉 3,400 만원 ~ 3,400 만원",경력1년,대졸(2~3년),주6일,서울 강남구,2026-08-31,2026-08-01
유앤아이의원 안양점 상담실장 모집 / 주 4일 /기본급/정착지원금/...,유앤아이의원 안양점,[],정보제공처 잡코리아,"연봉 7,000 만원 ~ 7,000 만원",경력1년,학력무관,기타,경기 안양시 동안구 등,2026-08-31,2026-08-01
[신입/경력] 온라인 마케터 채용( 퍼포먼스 팀장 / AE / 신...,㈜팀퍼포먼스,[],정보제공처 잡코리아,"연봉 3,000 만원 ~ 8,000 만원",신입/경력,학력무관,기타,서울 서초구 등,2026-08-31,2026-07-31
[셀리맥스] 국내 퍼포먼스 마케팅 경력 채용,㈜앱솔브랩,[],정보제공처 잡코리아,"연봉 4,000 만원 ~ 4,000 만원",경력1년,학력무관,주5일,서울 강남구,2026-08-13,2026-07-31
[셀리맥스] 러시아/CIS 인플루언서 마케팅 경력 채용,㈜앱솔브랩,[],정보제공처 잡코리아,"연봉 4,000 만원 ~ 4,000 만원",경력2년,학력무관,주5일,서울 강남구,2026-08-13,2026-07-31
[본사 도곡동] 임원 수행기사 경력 사원 모집,주식회사 사람과기술,['가족'],정보제공처 잡코리아,"연봉 4,420 만원 ~ 4,420 만원",경력,학력무관,주5일,서울 강남구 등,2026-08-10,2026-07-31
데이터센터·반도체 산업 영업직원 채용 (전기·계측기기 솔루션),㈜위트솔루션즈,[],정보제공처 잡코리아,"연봉 3,500 만원 ~ 4,800 만원",경력1년,학력무관,주5일,서울 송파구 등,2026-08-30,2026-07-31
[다이트한의원 서울점] 코디팀 코디네이터 모집,다이트한의원,[],정보제공처 잡코리아,"연봉 3,000 만원 ~ 3,000 만원",신입/경력,학력무관,기타,서울 강남구,2026-08-30,2026-07-31
[대표가 직접 쓴 공고] 콘텐츠마케터 채용 (신입/경력),주식회사 이너탭,[],정보제공처 사람인,"연봉 4,080 만원 ~ 4,080 만원",경력무관,학력무관,주5일,서울 강남구,2026-08-30,2026-07-31
미국계 코스메틱 건기식회사-코스메틱 Product Marketing...,포커스에이치알,[],정보제공처 인크루트,"연봉 5,500 만원 ~ 8,000 만원",경력8년,학력무관,주5일,서울 강남구,2026-08-17,2026-07-31
[BF모빌리티] 정규직 렌터카 배반차 채용,비에프모빌리티㈜,[],정보제공처 잡코리아,"연봉 3,000 만원 ~ 3,000 만원",경력무관,학력무관,기타,서울 동대문구 등,2026-08-30,2026-07-31
인베이더스쿨 현장 인터뷰 채널 담당 PD 채용,인베이더스쿨㈜,[],정보제공처 잡코리아,"연봉 3,000 만원 ~ 4,800 만원",경력무관,학력무관,주5일,서울 강남구,2026-08-30,2026-07-31
"프로그래밍 강사, 코딩 강사 모집 - 프로그래밍 기초에서 알고리즘,...",㈜민코딩,[],정보제공처 잡코리아,"연봉 3,500 만원 ~ 7,000 만원",신입/경력,대졸(4년),주5일,경기 용인시 기흥구 등,2026-08-30,2026-07-31
☆KT텔레캅 B2C영업 경력직 채용☆ [일자리 수요데이 in 서...,케이티텔레캅주식회사,"['대기업', '가족']",정보제공처 고용24,"연봉 4,000 만원 ~ 6,000 만원",경력1년,고졸 ~ 대졸(4년),주5일 주 40시간 근로 09:00 ~ 18:00,서울특별시 강남구 테헤란로25길,2026-08-17,2026-07-30
☆KT텔레캅 SG(Security Guard)사원 채용☆ [일자...,케이티텔레캅주식회사,"['대기업', '가족']",정보제공처 고용24,"연봉 4,400 만원 ~ 4,400 만원 상여별도 200%",경력무관,고졸 ~ 대졸(4년),주5일 주 40시간 근로,서울특별시 강남구 테헤란로25길,2026-08-17,2026-07-30
"탑텐 매장 도장, 타일부문 유지보수 엔지니어 채용",㈜피엘이엔지,[],정보제공처 잡코리아,"연봉 4,000 만원 ~ 6,000 만원",경력2년,학력무관,주5일,서울 서초구 등,2026-08-14,2026-07-30
(강남 대치동) 유아 초등 국어 선생님을 모십니다.,파워영재학원㈜,[],정보제공처 잡코리아,"연봉 3,000 만원 ~ 3,000 만원",신입/경력,대졸(2~3년),주5일,서울 강남구,2026-08-29,2026-07-30
[IT-보안]취약점 진단 보안운영,㈜에스비아이앤씨,[],정보제공처 잡코리아,"연봉 4,000 만원 ~ 4,000 만원",경력3년,학력무관,주5일,경기 수원시 영통구 등,2026-08-15,2026-07-30
2026년도 맥커뮤니케이션(주) 정부행사 국제회의 행사 기획 신입/...,맥커뮤니케이션㈜,[],정보제공처 잡코리아,"연봉 3,000 만원 ~ 3,000 만원",신입/경력,대졸(4년),주5일,서울 서초구 등,2026-08-29,2026-07-30
[오가나셀피부과의원] 간호조무사 신입/경력 채용,오가나셀 피부과의원,[],정보제공처 사람인,"연봉 3,600 만원 ~ 3,600 만원",경력무관,고졸,,서울 강남구,2026-08-29,2026-07-30
[잠실] 함께하실 간호조무사/코디네이터 모집,브이에스라인의원,[],정보제공처 잡코리아,"연봉 2,600 만원 ~ 3,600 만원",신입/경력,학력무관,주5일,서울 송파구 등,2026-08-29,2026-07-30
[프티스] 병원 아웃바운드 TM 채용 (기본급 250/인센有/스크립...,(주)프티스,[],정보제공처 사람인,"연봉 3,000 만원 ~ 3,000 만원",경력무관,고졸,주5일,서울 강남구,2026-08-29,2026-07-30
GOYOO INN & CABINS 호텔 객실운영팀 매니저 모집,(주)모듈스퀘어,[],정보제공처 사람인,"연봉 3,100 만원 ~ 3,100 만원",경력무관,학력무관,기타,서울 강남구,2026-08-29,2026-07-30
국제 제품규격 인증 업무 Coordinator,(주)쎄린스,[],정보제공처 인크루트,"연봉 3,300 만원 ~ 3,500 만원",신입/경력,대졸(4년),주5일,서울 등,2026-08-29,2026-07-30
"[마케팅] 교재 판매 전략, 기획 및 광고 관리/SNS 관리",주식회사 고스에듀,[],정보제공처 잡코리아,"연봉 3,000 만원 ~ 3,000 만원",신입/경력,학력무관,주5일,서울 송파구 등,2026-08-29,2026-07-30
어거스트힐 강남 양식 레스토랑 주방 크루 모집(월8회휴무),어거스트힐강남점,[],정보제공처 사람인,"연봉 3,360 만원 ~ 3,360 만원",경력무관,학력무관,,서울 강남구,2026-08-29,2026-07-30
"[신사역3분] 포스,키오스크 원격기술상담원 /주말전담(금,토,일)...",㈜콜랩스,[],정보제공처 잡코리아,"연봉 3,000 만원 ~ 3,500 만원",경력1년,고졸,기타,서울 강남구,2026-08-29,2026-07-30
코람진어스 거래처 영업 및 납품 담당 채용 공고,코람진어스,[],정보제공처 사람인,"연봉 4,000 만원 ~ 4,000 만원",경력무관,대졸(2~3년),,서울 강남구,2026-08-29,2026-07-30
쇼핑몰 AMD,㈜꼬망세미디어,[],정보제공처 잡코리아,"연봉 4,000 만원 ~ 6,000 만원",경력무관,학력무관,주5일,서울 강남구,2026-08-29,2026-07-30
[꼬망세 미디어] 쇼핑몰 고객상담(CS) 및 마케팅,㈜꼬망세미디어,[],정보제공처 잡코리아,"연봉 3,500 만원 ~ 3,500 만원",경력무관,학력무관,주5일,서울 강남구,2026-08-29,2026-07-30
[꼬망세미디어] 경영지원팀 재무 및 회계담당,㈜꼬망세미디어,[],정보제공처 잡코리아,"연봉 3,500 만원 ~ 3,500 만원",경력2년,학력무관,주5일,서울 강남구,2026-08-29,2026-07-30
[UH SUITE 서울 코엑스] 호텔 운영 부팀장(대리급) 채용,㈜유에이치씨,[],정보제공처 잡코리아,"연봉 4,200 만원 ~ 4,200 만원",신입/경력,대졸(2~3년),주5일,서울 강남구 등,2026-08-29,2026-07-30
[월300이상/3개월] 제조업 공구마케팅팀 대면영업직 채용(인턴),㈜동양이엠에스,['중견'],정보제공처 잡코리아,"연봉 3,600 만원 ~ 3,600 만원",경력무관,고졸,주5일,서울 강남구,2026-08-29,2026-07-30
[ 강남센터 ] 평생교육사 자격증 보유자 모집 (원격평생교육시설관리...,이알피어학원,[],정보제공처 잡코리아,"연봉 3,400 만원 ~ 4,000 만원",신입/경력,학력무관,주5일,서울 강남구 등,2026-08-29,2026-07-30
정규직 총무 및 회계업무 담당자 채용,동덕정보통신㈜,[],정보제공처 잡코리아,"연봉 3,200 만원 ~ 3,500 만원",신입/경력,고졸,주5일,서울 서초구 등,2026-08-29,2026-07-30
[우수교육기업] 에듀플렉스 이수점 학습매니저 채용,넥스큐브코퍼레이션㈜,['가족'],정보제공처 잡코리아,"연봉 3,400 만원 ~ 3,400 만원",신입/경력,대졸(4년),주5일,서울 서초구 등,2026-08-10,2026-07-30
[초봉 3400만]우수교육기업 에듀플렉스 이수점,에듀플렉스,[],정보제공처 사람인,"연봉 3,400 만원 ~ 3,400 만원",경력무관,대졸(4년),,서울 강남구 등,2026-08-10,2026-07-30
[주5일]강남 프리미엄 다이닝/라운지 FOH 홀 서비스 매니저 채용,㈜에스이에이치인터내셔널,[],정보제공처 잡코리아,"연봉 4,400 만원 ~ 4,400 만원",경력,학력무관,기타,서울 강남구,2026-08-29,2026-07-30
[카카오스타일/재택 병행] 지그재그 브랜드패션 AMD 모집,리드커리어㈜,[],정보제공처 잡코리아,"연봉 3,000 만원 ~ 3,000 만원",경력무관,고졸,주5일,경기 성남시 분당구 등,2026-08-12,2026-07-30
[신입/경력무관] 인하우스 편집자 모십니다 (잘 알려드립니다),굿모나의원,[],정보제공처 사람인,"연봉 3,200 만원 ~ 3,200 만원",경력1년,학력무관,,서울 강남구,2026-08-29,2026-07-30
정화조 청소 미화원 모집,한성성업(주),[],정보제공처 고용24,"연봉 5,300 만원 ~ 5,600 만원",경력무관,학력무관,주5일 주 40시간 근로 02:00 ~ 23:00,서울특별시 강남구 영동대로138길,2026-08-27,2026-07-29
헤리티지산후조리원 조리사 채용,주식회사 헤리티지산후조리원,[],정보제공처 고용24,"연봉 3,800 만원 ~ 3,800 만원",경력3년,학력무관,주5일 주 40시간 근로,서울특별시 강남구 영동대로141길,2026-08-12,2026-07-29
유투브 대단한부동산 꼰대들 직원 채용 (구독자 24만명),도시개발연구소,[],정보제공처 잡코리아,"연봉 3,000 만원 ~ 3,000 만원",경력무관,학력무관,주5일,서울 서초구 등,2026-08-28,2026-07-29
[강남]808타워 시설 과장 채용(일근),㈜원이앤에스,[],정보제공처 잡코리아,"연봉 3,600 만원 ~ 3,600 만원",경력3년,고졸,기타,서울 강남구,2026-08-28,2026-07-29
[강남]808타워 시설 교대근무자 채용(3교대),㈜원이앤에스,[],정보제공처 잡코리아,"연봉 3,200 만원 ~ 3,200 만원",경력1년,고졸,기타,서울 강남구,2026-08-28,2026-07-29
[ 헬로HR 본사 세일즈영업팀 경력직 채용 ],㈜헬로에이치알,[],정보제공처 잡코리아,"연봉 3,500 만원 ~ 3,500 만원",경력,대졸(4년),주5일,서울 강남구,2026-08-28,2026-07-29
"서버, 스토리지 장비에 대한 설치 및 유지보수 기술지원 인력채용",동덕정보통신㈜,[],정보제공처 잡코리아,"연봉 3,200 만원 ~ 3,400 만원",신입/경력,대졸(2~3년),주5일,서울 서초구 등,2026-08-28,2026-07-29
[건설산업교육원] 건설기술 교육훈련 운영 담당자 채용,건설산업교육원,[],정보제공처 잡코리아,"연봉 3,800 만원 ~ 3,800 만원",경력,대졸(4년),주5일,서울 강남구,2026-08-17,2026-07-29
"[연 3,000만 이상/식대 지원/주35시간] 이커머스 브랜드 콘텐...",㈜원정대,[],정보제공처 잡코리아,"연봉 3,000 만원 ~ 3,000 만원",신입/경력,대졸(2~3년),주5일,서울 금천구 등,2026-08-09,2026-07-29
[와이즈택스그룹-강남본점] 세무기장 직원 채용 (신입/경력),와이즈 택스(WISE TAX),[],정보제공처 잡코리아,"연봉 2,800 만원 ~ 4,000 만원",경력무관,학력무관,주5일,서울 강남구 등,2026-08-28,2026-07-29
[애플뮤직] 음반사업팀 경력직 채용 공고,애플뮤직(유),[],정보제공처 잡코리아,"연봉 3,000 만원 ~ 3,000 만원",경력1년,학력무관,주5일,서울 강남구 등,2026-08-28,2026-07-29
회계/인사·총무 채용,신화팝빌리지,[],정보제공처 사람인,"연봉 3,600 만원 ~ 3,600 만원",경력3년,학력무관,주5일,서울 강남구,2026-08-28,2026-07-29
포레스트요양병원 조리사 채용,포레스트요양병원,[],정보제공처 사람인,"연봉 4,000 만원 ~ 4,000 만원",신입/경력3년,대졸(2~3년),,서울 강남구,2026-08-28,2026-07-29
"인하우스 `영상편집자` [연봉 4000시작] 좋은환경,완벽한장비",굿모나 의원,[],정보제공처 잡코리아,"연봉 4,000 만원 ~ 4,000 만원",경력무관,학력무관,주5일,서울 강남구,2026-08-28,2026-07-29
의학 유튜브 인하우스 편집자 [연봉4000],굿모나의원,[],정보제공처 사람인,"연봉 4,000 만원 ~ 4,000 만원",경력1년,학력무관,,서울 강남구,2026-08-28,2026-07-29
"[잠실] 흑백요리사 `더이탈리안클럽` 레스토랑 홀 팀원, 주방 팀원...",㈜코어소사이어티,[],정보제공처 잡코리아,"연봉 3,000 만원 ~ 4,300 만원",신입/경력,학력무관,기타,서울 송파구 등,2026-08-28,2026-07-29
"강남)연세의료원 전기 시설 관리자,기사 채용공고",예주산업㈜,"['중견', '가족']",정보제공처 잡코리아,"연봉 3,200 만원 ~ 3,200 만원",경력,학력무관,기타,서울 강남구,2026-08-27,2026-07-28
"신선식품 오픈마켓 발주, CS 담당자 (점심법카결제)",(주)푸드림,[],정보제공처 사람인,"연봉 3,000 만원 ~ 3,000 만원",경력무관,학력무관,주5일,서울 등,2026-08-27,2026-07-28
[비티큐의원] 피부과 간호팀 간호조무사 모집(신입/경력),비티큐 의원,[],정보제공처 사람인,"연봉 4,560 만원 ~ 4,560 만원",경력무관,학력무관,기타,서울 강남구,2026-08-27,2026-07-28
[9:00-17:00근무] 무역사무 일본어가능자 채용,하나웰 무역,[],정보제공처 인크루트,"연봉 3,400 만원 ~ 4,000 만원",경력1년,학력무관,,서울 강남구,2026-08-27,2026-07-28
앨트웰 운전(수행)기사 모집,앨트웰㈜,[],정보제공처 사람인,"연봉 4,000 만원 ~ 4,000 만원",경력5년,학력무관,주5일,서울 강남구,2026-08-27,2026-07-28
주방용품 전문회사 주식회사 보겐에서 생산관리 정규직 직원을 모집합니...,㈜보겐,[],정보제공처 잡코리아,"연봉 2,900 만원 ~ 3,200 만원",신입/경력,학력무관,주5일,경기 광주시 등,2026-08-27,2026-07-28
[서울/성동구] LG유플러스 도매 개통실 정규직 직원 채용,에스엔모바일,[],정보제공처 잡코리아,"연봉 3,000 만원 ~ 3,400 만원",경력무관,학력무관,주5일,서울 성동구 등,2026-08-31,2026-07-28
인하우스 디자이너 / 시각 제품 그래픽 산업 디자인 3D UX UI,주식회사 아트앤매니지먼트,[],정보제공처 잡코리아,"연봉 3,700 만원 ~ 3,700 만원",신입/경력,학력무관,주5일,서울 강남구 등,2026-08-28,2026-07-28
중견그룹지주사IR공시대리급채용,(주)프로써치코리아,[],정보제공처 인크루트,"연봉 4,500 만원 ~ 6,000 만원",경력3년,대졸(4년),,경기 등,2026-08-27,2026-07-28
[정규직 주4일 근무] 테일러성형외과 수술팀 충원,테일러성형외과의원,[],정보제공처 사람인,"연봉 3,300 만원 ~ 3,300 만원",경력무관,고졸,주5일,서울 강남구,2026-08-27,2026-07-28
"강남)연세의료원 설비 시설 관리자,기사 채용공고",예주산업㈜,"['중견', '가족']",정보제공처 잡코리아,"연봉 3,200 만원 ~ 3,200 만원",경력,학력무관,기타,서울 강남구,2026-08-27,2026-07-28
[비티큐의원] 피부과 상담실장 모집(경력),비티큐 의원,[],정보제공처 사람인,"연봉 4,360 만원 ~ 4,360 만원",경력2년,학력무관,기타,서울 강남구,2026-08-27,2026-07-28
[차고지 : 마포구 / 근무지 : 강남구] 대기업 임원 수행기사 채...,㈜메이크인,['가족'],정보제공처 잡코리아,"연봉 4,500 만원 ~ 6,000 만원",경력3년,학력무관,주5일,서울 강남구,2026-08-27,2026-07-28
세무리더 삼명 세무회계사무소 정규채용공고- 신입 및 경력직,세무리더 삼명,[],정보제공처 사람인,"연봉 3,100 만원 ~ 3,100 만원",신입/경력3년,대졸(2~3년),주5일,서울 강남구,2026-08-27,2026-07-28
[신한서브] 신한은행 디지털금융센터 신용대출연기 담당업무 채용,㈜신한서브,['가족'],정보제공처 잡코리아,"연봉 3,000 만원 ~ 3,400 만원",신입/경력,고졸,주5일,서울 강남구 등,2026-08-27,2026-07-28
회계법인 기장대리 정규직원 채용,태성회계법인,[],정보제공처 인크루트,"연봉 4,000 만원 ~ 5,000 만원",경력2년,학력무관,주5일,서울 강남구,2026-08-27,2026-07-28
회계법인 기장 직원 채용,태성회계법인,[],정보제공처 사람인,"연봉 4,400 만원 ~ 4,400 만원",경력1년,학력무관,주5일,서울 강남구,2026-08-27,2026-07-28
KT 휴대폰개통 전산사무 경력/신입사원 채용,(주)삼성피엘,[],정보제공처 사람인,"연봉 3,360 만원 ~ 3,360 만원",경력무관,학력무관,기타,서울 강남구,2026-08-27,2026-07-28
[강남구]정신과 간호조무사/간호사 선생님을 모십니다 -주36시간,아이나래정신건강의학과의원,[],정보제공처 사람인,"연봉 3,200 만원 ~ 3,200 만원",경력무관,대졸(2~3년),,서울 강남구,2026-08-27,2026-07-28
[(주)화이트생명과학] 경영지원팀 회계 경력직 채용건,(주)화이트생명과학,[],정보제공처 고용24,"연봉 3,200 만원 ~ 4,200 만원",경력3년,학력무관,주5일 주 40시간 근로 07:00 ~ 17:00,서울특별시 강남구 도산대로,2026-08-26,2026-07-27
"[연4300/강남] 오르타의원 간호조무사 (신입,팀원,팀장급 모두 ...",오르타의원,[],정보제공처 잡코리아,"연봉 4,000 만원 ~ 4,000 만원",경력무관,학력무관,기타,서울 서초구 등,2026-08-23,2026-07-27
"경력직 경영 및 진단전문가, 응용SW 개발자 채용",클립서비스 주식회사,[],정보제공처 중소벤처기업진흥공단,"연봉 3,500 만원 ~ 4,000 만원",경력5년,학력무관,,서울 강남구,2026-08-26,2026-07-27
[인원충원] 상담실장 / 국내외 코디네이터팀 / 간호팀 / 응급구조...,루호성형외과의원,[],정보제공처 잡코리아,"연봉 3,200 만원 ~ 6,000 만원",경력무관,학력무관,주5일,서울 강남구 등,2026-08-26,2026-07-27
[주5일] LG전자 현장 교육 강사 채용,㈜인터비즈시스템,[],정보제공처 잡코리아,"연봉 3,300 만원 ~ 3,300 만원",신입/경력,학력무관,주5일,서울 등,2026-08-18,2026-07-27
[백미당 서울권 매장] 바리스타 모집(신입/경력),백미당아이앤씨(주),[],정보제공처 사람인,"연봉 3,140 만원 ~ 3,140 만원",경력무관,학력무관,,서울 강남구,2026-08-26,2026-07-27
이탈리안 레스토랑 주방 정규 채용 (신입 / 이탈리안 경력 3년이상...,이딸리아,[],정보제공처 잡코리아,"연봉 4,000 만원 ~ 4,000 만원",신입/경력,고졸,기타,서울 서초구 등,2026-08-27,2026-07-27
"[삼성역] 흑백요리사 더이탈리안클럽 레스토랑 홀서빙 팀원,주방 팀원...",㈜코어소사이어티,[],정보제공처 잡코리아,"연봉 3,200 만원 ~ 4,500 만원",경력무관,학력무관,주5일,서울 강남구 등,2026-08-26,2026-07-27
[신입/경력]탐앤탐스 직영점 압구정로데오점 바리스타 채용,(주)탐앤탐스,[],정보제공처 사람인,"연봉 3,200 만원 ~ 3,200 만원",경력무관,고졸,,서울 강남구,2026-08-26,2026-07-27
"[하나캐피탈]업무지원팀(리스 승계 및 연장, 매각 등)사무계약직 채...",하나캐피탈㈜,['대기업'],정보제공처 잡코리아,"연봉 3,100 만원 ~ 3,100 만원",경력무관,학력무관,주5일,서울 강남구,2026-08-26,2026-07-27
시설관리(기계/경력직/5교대)FN타워대치(구삼성생명대치타워),제일엠앤이㈜,[],정보제공처 잡코리아,"연봉 3,300 만원 ~ 3,400 만원",경력3년,학력무관,주5일,서울 강남구,2026-08-12,2026-07-27
[주식회사 중원] 회계/경리/경영지원 담당자 모집합니다. (이카운트...,㈜중원,[],정보제공처 잡코리아,"연봉 3,000 만원 ~ 5,000 만원",경력2년,대졸(2~3년),주5일,서울 강남구,2026-08-26,2026-07-27
[재직률최상 / 정착수당지원 / 고정231만 / 영업X ] `업비트...,에스엠커리어 주식회사,[],정보제공처 잡코리아,"연봉 2,590 만원 ~ 3,300 만원",경력무관,학력무관,주5일,서울 강남구 등,2026-08-26,2026-07-27
카페24 쇼핑몰 상품 등록 및 발주 cs 담당 MD AMD 신규 채...,(주)에스브이엠플래닛,[],정보제공처 사람인,"연봉 3,000 만원 ~ 3,000 만원",경력1년,고졸,,서울 강남구,2026-08-26,2026-07-27
매장관리 및 재고 관리 사무직원 모집 (정규직),디앤드엔코리아㈜,[],정보제공처 잡코리아,"연봉 3,000 만원 ~ 3,000 만원",경력무관,학력무관,주5일,서울 송파구 등,2026-08-26,2026-07-27
[온라인/디지털매체] VM 광고영업 경력직 채용,㈜이엠씨지,[],정보제공처 잡코리아,"연봉 4,500 만원 ~ 6,000 만원",경력5년,대졸(2~3년),주5일,서울 용산구 등,2026-08-26,2026-07-27
미사역 피부과 톤즈의원 하남미사점 상담실장님 모집 경력직우대,톤즈의원 하남미사점,[],정보제공처 사람인,"연봉 3,800 만원 ~ 3,800 만원",경력1년,고졸,,서울 등,2026-08-26,2026-07-27
[에브리데이즈] 스킨케어 브랜드 BM (브랜드매니저) 경력직 채용,㈜에브리데이즈코리아,[],정보제공처 잡코리아,"연봉 3,500 만원 ~ 5,000 만원",경력3년,학력무관,주5일,서울 강남구,2026-08-14,2026-07-27
[직영] 26년 각 부문 STAFF 모집,㈜DYB최선어학원,[],정보제공처 잡코리아,"연봉 3,000 만원 ~ 3,000 만원",신입/경력,대졸(4년),기타,경기 수원시 영통구 등,2026-08-26,2026-07-27
YAWOOLIN (주)야우린 화장품 BM(상품기획) 경력 채용,(주)야우린,[],정보제공처 사람인,"연봉 3,500 만원 ~ 3,500 만원",경력2년,대졸(2~3년),주5일,서울 강남구,2026-08-26,2026-07-27
[초봉 3400만]우수교육기업 에듀플렉스 둔촌점,에듀플렉스,[],정보제공처 사람인,"연봉 3,400 만원 ~ 3,400 만원",경력무관,대졸(4년),,서울 강남구 등,2026-08-10,2026-07-27
[ㅣ유명 어학원ㅣ신입가능] 어학원 영어 선생님 대규모 채용,㈜휴먼코아,[],정보제공처 잡코리아,"연봉 3,200 만원 ~ 6,500 만원",경력,대졸(4년),기타,서울 강남구,2026-08-26,2026-07-27
[우수교육기업] 에듀플렉스 둔촌점 학습매니저 채용,넥스큐브코퍼레이션㈜,['가족'],정보제공처 잡코리아,"연봉 3,400 만원 ~ 3,400 만원",신입/경력,대졸(4년),주5일,서울 강동구 등,2026-08-10,2026-07-27
[(주)새빛맥스] 라벨 프린터 영업부문 사원 모집,㈜새빛맥스,[],정보제공처 사람인,"연봉 4,000 만원 ~ 4,000 만원",경력무관,대졸(4년),,서울 등,2026-08-26,2026-07-27
세무법인다현삼성지점 세무 직원 모십니다.,세무법인다현삼성지점,[],정보제공처 사람인,"연봉 3,500 만원 ~ 3,500 만원",경력무관,대졸(2~3년),,서울 강남구,2026-08-10,2026-07-26
[한화계열사] 신세계 인터내셔널 본사 직원식당 단체급식 조리실장 채...,㈜삼구FS,['중견'],정보제공처 잡코리아,"연봉 3,300 만원 ~ 3,300 만원",경력,대졸(2~3년),주5일,서울 강남구,2026-08-25,2026-07-26
로보틱스 프로젝트 기획 및 관리,(주)로그엔코딩,[],정보제공처 사람인,"연봉 3,400 만원 ~ 3,400 만원",경력무관,대졸(4년),기타,서울 강남구,2026-08-24,2026-07-25
플링크 압구정 바리스타 모집,㈜피이알에프,[],정보제공처 잡코리아,"연봉 2,800 만원 ~ 4,000 만원",경력무관,학력무관,기타,서울 강남구,2026-08-24,2026-07-25
GS건설 일원개포한신 아파트 재건축 현장 직영반장님 (1명),지에스건설 (주),"['대기업', '코스피', '가족']",정보제공처 인크루트,"연봉 3,800 만원 ~ 4,400 만원",경력5년,학력무관,,서울 강남구,2026-08-24,2026-07-25
